SECCIO_CENSAL;HOMES;DONES;EDAT_0_A_14;EDAT_15_A_24;EDAT_25_A_64;EDAT_65_A_MES;NACIONALS;COMUNITARIS;ESTRANGERS;DATA_DADES
01001;795;595;167;141;849;233;747;122;521;10/01/11
01002;843;716;174;192;906;287;791;139;629;10/01/11
01003;1771;1489;512;373;1908;467;1740;178;1342;10/01/11
01004;1566;1283;364;274;1848;363;1689;173;987;10/01/11
01005;1409;1094;264;209;1597;434;1417;228;859;10/01/11
01006;1070;832;184;174;1286;258;891;225;786;10/01/11
01007;1307;767;243;190;1456;185;952;192;930;10/01/11
01008;1994;1294;459;399;2114;316;1297;159;1832;10/01/11
01009;1153;983;226;221;1365;324;1171;134;831;10/01/11
01010;1404;1010;353;279;1512;270;1046;130;1238;10/01/11
01011;2064;1566;501;445;2298;386;1538;232;1860;10/01/11
01012;1011;911;216;209;1220;277;1079;138;705;10/01/11
01013;624;657;139;106;783;253;884;84;313;10/01/11
01014;1018;944;245;193;1292;232;1082;98;782;10/01/11
01015;1153;1159;298;197;1474;343;1233;139;940;10/01/11
01016;1219;1139;285;241;1557;275;1082;144;1132;10/01/11
01017;1418;1271;324;313;1783;269;1242;238;1209;10/01/11
01018;762;734;156;139;940;261;848;142;506;10/01/11
01019;1556;1303;280;316;1871;392;1397;276;1186;10/01/11
01020;977;1152;171;166;1370;422;1493;267;369;10/01/11
01021;1000;1058;187;167;1379;325;1358;267;433;10/01/11
01022;580;661;114;88;791;248;902;169;170;10/01/11
01023;798;857;143;120;1123;269;1106;228;321;10/01/11
01024;849;486;111;95;976;153;834;153;348;10/01/11
01025;648;692;120;79;889;252;878;239;223;10/01/11
01026;1916;1039;200;320;2179;256;1105;375;1475;10/01/11
01027;842;786;151;144;1044;289;1044;249;335;10/01/11
01028;1157;879;150;150;1399;338;1269;336;432;10/01/11
01029;737;704;115;127;1003;196;791;290;360;10/01/11
01030;1364;1152;222;221;1626;447;1583;372;561;10/01/11
01031;927;793;132;185;1169;234;948;307;465;10/01/11
01032;1001;996;175;169;1218;435;1362;289;346;10/01/11
01033;600;586;140;90;725;231;814;128;244;10/01/11
01034;535;549;107;87;652;238;767;121;196;10/01/11
01035;718;696;147;92;875;300;947;162;305;10/01/11
01036;582;620;110;133;692;267;1013;83;106;10/01/11
01037;644;714;158;118;818;264;1126;110;122;10/01/11
01038;866;774;174;132;1077;257;984;226;430;10/01/11
01039;674;707;145;99;826;311;1056;92;233;10/01/11
01040;570;562;100;82;705;245;786;145;201;10/01/11
01041;811;802;143;142;1106;222;964;249;400;10/01/11
01042;875;994;197;130;989;553;1591;92;186;10/01/11
01043;560;557;108;72;742;195;784;194;139;10/01/11
01044;699;776;149;99;983;244;1013;257;205;10/01/11
01045;1014;1021;157;132;1381;365;1272;357;406;10/01/11
01046;874;867;156;126;1171;288;1103;294;344;10/01/11
01047;880;960;166;153;1184;337;1148;236;456;10/01/11
01048;1149;1142;263;207;1466;355;1384;283;624;10/01/11
01049;667;730;147;122;875;253;983;166;248;10/01/11
01050;857;805;166;131;1106;260;1029;182;452;10/01/11
01051;930;905;194;172;1244;225;1043;255;537;10/01/11
01052;1298;1203;277;381;1454;389;1521;355;625;10/01/11
01053;1091;1023;230;160;1355;369;1349;231;534;10/01/11
01054;669;668;125;105;899;208;834;181;322;10/01/11
01055;575;687;111;85;733;333;1030;114;118;10/01/11
02001;562;596;150;88;689;231;955;62;141;10/01/11
02002;1907;1209;253;329;2139;395;1499;226;1391;10/01/11
02003;551;700;163;127;660;301;1053;59;139;10/01/11
02004;709;822;170;141;902;318;1164;112;255;10/01/11
02005;973;1126;249;180;1231;439;1807;104;188;10/01/11
02006;743;842;191;127;894;373;1325;126;134;10/01/11
02007;544;726;133;112;725;300;1039;92;139;10/01/11
02008;827;1005;228;173;1051;380;1546;129;157;10/01/11
02009;775;906;181;171;1037;292;1418;78;185;10/01/11
02010;552;642;145;97;720;232;1011;70;113;10/01/11
02011;555;588;133;105;667;238;1023;46;74;10/01/11
02012;744;802;162;156;970;258;1257;98;191;10/01/11
02013;554;611;148;96;687;234;942;58;165;10/01/11
02014;637;709;150;84;863;249;940;151;255;10/01/11
02015;744;869;145;142;947;379;1241;89;283;10/01/11
02016;858;1035;197;172;1118;406;1567;126;200;10/01/11
02017;881;1059;246;203;1094;397;1623;130;187;10/01/11
02018;869;1020;204;142;1068;475;1598;78;213;10/01/11
02019;891;1040;212;185;1113;421;1600;94;237;10/01/11
02020;660;788;146;121;892;289;1121;100;227;10/01/11
02021;712;806;128;98;918;374;1226;78;214;10/01/11
02022;574;651;159;98;730;238;1016;36;173;10/01/11
02023;537;573;107;107;650;246;988;32;90;10/01/11
02024;548;629;113;115;716;233;962;38;177;10/01/11
02025;561;671;118;88;758;268;1010;49;173;10/01/11
02026;957;1139;227;190;1230;449;1745;98;253;10/01/11
02027;934;1089;195;158;1174;496;1760;114;149;10/01/11
02028;954;1134;235;208;1240;405;1721;92;275;10/01/11
02029;536;595;108;89;741;193;985;57;89;10/01/11
02030;597;677;130;112;727;305;1032;47;195;10/01/11
02031;474;563;109;76;620;232;938;21;78;10/01/11
02032;548;787;124;89;657;465;1195;50;90;10/01/11
02033;573;656;123;82;750;274;1026;53;150;10/01/11
02034;526;641;97;85;696;289;933;62;172;10/01/11
02035;588;722;107;122;691;390;1121;44;145;10/01/11
02036;588;658;138;122;732;254;1048;70;128;10/01/11
02037;616;616;147;114;748;223;1100;45;87;10/01/11
02038;763;830;237;138;957;261;1453;49;91;10/01/11
02039;769;1000;205;128;1022;414;1482;68;219;10/01/11
02040;790;870;163;140;1026;331;1222;95;343;10/01/11
02041;780;980;155;136;992;477;1523;43;194;10/01/11
02042;813;905;159;175;979;405;1532;40;146;10/01/11
02043;682;774;168;138;874;276;1279;61;116;10/01/11
02044;553;691;105;117;715;307;977;57;210;10/01/11
02045;560;660;116;106;736;262;1002;68;150;10/01/11
02046;815;1044;191;141;1005;522;1584;49;226;10/01/11
02047;867;999;207;157;1052;450;1553;103;210;10/01/11
02048;566;687;139;94;783;237;952;74;227;10/01/11
02049;984;1228;170;199;1335;508;1664;145;403;10/01/11
02050;741;903;158;154;1003;329;1349;72;223;10/01/11
02051;945;1108;171;170;1277;435;1570;147;336;10/01/11
02052;835;995;215;121;1114;380;1505;111;214;10/01/11
02053;839;992;195;144;1101;391;1432;141;258;10/01/11
02054;886;1072;228;159;1153;418;1574;135;249;10/01/11
02055;876;1024;225;150;1128;397;1566;105;229;10/01/11
02056;645;820;175;109;810;371;1226;122;117;10/01/11
02057;542;679;152;83;685;301;1058;60;103;10/01/11
02058;632;757;171;111;725;382;1212;69;108;10/01/11
02059;748;861;147;143;951;368;1354;115;140;10/01/11
02060;758;893;167;141;941;402;1405;90;156;10/01/11
02061;641;746;161;111;870;245;1066;123;198;10/01/11
02062;732;872;200;126;966;312;1320;154;130;10/01/11
02063;436;688;115;86;520;403;1010;55;59;10/01/11
02064;652;759;190;129;781;311;1178;103;130;10/01/11
02065;863;980;222;147;1117;357;1511;163;169;10/01/11
02066;899;1008;204;183;1105;415;1628;89;190;10/01/11
02067;749;914;187;126;1056;294;1315;136;212;10/01/11
02068;797;924;186;159;1058;318;1401;141;179;10/01/11
02069;627;699;160;93;776;297;1132;76;118;10/01/11
02070;613;786;163;112;813;311;1116;109;174;10/01/11
02071;805;877;228;169;1007;278;1420;149;113;10/01/11
02072;578;651;175;97;709;248;1051;92;86;10/01/11
02073;777;859;232;118;965;321;1327;147;162;10/01/11
02074;547;616;149;94;669;251;888;128;147;10/01/11
02075;537;645;159;105;675;243;934;111;137;10/01/11
02076;761;864;239;114;968;304;1342;143;140;10/01/11
02077;697;747;164;122;828;330;1121;128;195;10/01/11
02078;604;818;170;107;793;352;1142;135;145;10/01/11
02079;557;647;110;105;658;331;994;103;107;10/01/11
02080;637;788;151;117;774;383;1221;97;107;10/01/11
02081;901;1186;206;173;1174;534;1738;159;190;10/01/11
02082;391;543;102;74;516;242;776;83;75;10/01/11
02083;687;893;185;115;891;389;1320;140;120;10/01/11
02084;916;1117;235;148;1194;456;1667;159;207;10/01/11
02085;648;784;165;115;856;296;1134;128;170;10/01/11
02086;610;775;206;114;778;287;1173;98;114;10/01/11
02087;649;792;170;119;853;299;1199;80;162;10/01/11
02088;797;934;210;136;992;393;1418;134;179;10/01/11
02089;874;987;194;153;1146;368;1455;188;218;10/01/11
02090;783;922;185;124;1021;375;1308;119;278;10/01/11
02091;892;929;211;148;1147;315;1382;187;252;10/01/11
02092;893;933;174;128;1178;346;1375;165;286;10/01/11
02093;765;825;167;133;919;371;1286;114;190;10/01/11
02094;719;809;132;138;940;318;1235;110;183;10/01/11
02095;738;824;134;143;959;326;1211;128;223;10/01/11
02096;641;767;117;112;846;333;1106;73;229;10/01/11
02097;501;582;104;93;671;215;878;73;132;10/01/11
02098;683;865;135;139;935;339;1186;132;230;10/01/11
02099;639;788;148;114;807;358;1229;71;127;10/01/11
02100;654;767;125;135;882;279;1195;64;162;10/01/11
02101;953;1210;210;191;1240;522;1743;117;303;10/01/11
02102;582;758;155;120;722;343;1193;50;97;10/01/11
02103;793;976;172;166;1057;374;1363;108;298;10/01/11
02104;500;622;116;92;660;254;959;46;117;10/01/11
02105;949;1182;212;170;1252;497;1644;151;336;10/01/11
02106;641;749;171;99;788;332;1152;84;154;10/01/11
02107;715;889;212;120;843;429;1448;69;87;10/01/11
02108;676;857;181;108;824;420;1371;55;107;10/01/11
02109;864;1049;223;158;981;551;1694;80;139;10/01/11
02110;862;1005;214;156;1082;415;1491;121;255;10/01/11
02111;812;997;181;158;1048;422;1518;95;196;10/01/11
02112;609;712;144;102;722;353;1200;46;75;10/01/11
02113;825;941;178;138;1004;446;1583;50;133;10/01/11
02114;722;925;176;138;852;481;1435;56;156;10/01/11
02115;626;770;169;86;785;356;1122;74;200;10/01/11
02116;457;566;128;92;590;213;944;16;63;10/01/11
02117;567;621;117;104;702;265;1016;38;134;10/01/11
02118;666;861;189;172;874;292;1302;71;154;10/01/11
02119;594;700;139;118;762;275;1194;33;67;10/01/11
02120;569;654;114;114;722;273;1073;48;102;10/01/11
02121;609;671;160;96;726;298;1130;69;81;10/01/11
02122;492;599;121;114;647;209;961;44;86;10/01/11
02123;529;572;103;59;696;243;917;58;126;10/01/11
02124;512;631;114;117;640;272;1039;30;74;10/01/11
02125;777;921;186;172;941;399;1501;51;146;10/01/11
02126;725;833;172;146;944;296;1352;61;145;10/01/11
02127;546;613;138;81;705;235;941;56;162;10/01/11
02128;610;716;136;112;776;302;1037;61;228;10/01/11
02129;699;850;152;148;904;345;1320;57;172;10/01/11
02130;542;550;88;142;638;224;1005;30;57;10/01/11
02131;569;654;103;107;771;242;970;81;172;10/01/11
02132;575;624;106;120;751;222;980;59;160;10/01/11
02133;440;483;71;60;478;314;835;24;64;10/01/11
02134;681;831;132;158;888;334;1279;65;168;10/01/11
02135;959;1151;228;180;1289;413;1711;93;306;10/01/11
02136;453;491;80;90;596;178;801;34;109;10/01/11
02137;672;801;161;121;875;316;1159;117;197;10/01/11
02138;862;995;206;141;1047;463;1610;91;156;10/01/11
02139;823;939;202;146;1085;329;1333;119;310;10/01/11
02140;874;1072;182;191;1102;471;1607;86;253;10/01/11
02141;573;702;140;116;761;258;1017;54;204;10/01/11
02142;924;1066;226;150;1187;427;1517;153;320;10/01/11
02143;596;663;127;94;774;264;1059;64;136;10/01/11
02144;668;847;160;132;907;316;1225;119;171;10/01/11
02145;592;629;134;125;722;240;1004;73;144;10/01/11
02146;537;690;110;107;699;311;979;60;188;10/01/11
02147;1016;1199;243;210;1316;446;1726;116;373;10/01/11
02148;754;847;152;156;1000;293;1321;93;187;10/01/11
02149;817;950;203;175;1041;348;1460;114;193;10/01/11
02150;676;802;140;139;859;340;1161;104;213;10/01/11
02151;685;787;162;123;900;287;1151;111;210;10/01/11
02152;559;701;123;103;697;337;1121;57;82;10/01/11
02153;585;707;107;109;680;396;1120;49;123;10/01/11
02154;477;540;81;100;609;227;789;61;167;10/01/11
02155;861;1043;223;129;1058;494;1564;114;226;10/01/11
02156;591;709;121;111;713;355;1138;45;117;10/01/11
02157;556;645;126;87;651;337;960;58;183;10/01/11
02158;808;911;152;143;974;450;1434;70;215;10/01/11
02159;838;989;187;142;1092;406;1512;89;226;10/01/11
02160;908;1058;197;148;1153;468;1682;99;185;10/01/11
02161;510;610;121;74;675;250;931;74;115;10/01/11
02162;630;727;136;96;776;349;1096;70;191;10/01/11
02163;813;936;149;143;1042;415;1465;104;180;10/01/11
02164;629;758;132;125;810;320;1103;143;141;10/01/11
02165;779;842;143;121;949;408;1262;113;246;10/01/11
02166;967;1159;213;172;1303;438;1650;149;327;10/01/11
02167;986;1104;227;161;1180;522;1754;104;232;10/01/11
02168;1013;1151;225;168;1322;449;1730;130;304;10/01/11
02169;790;857;180;134;979;354;1298;98;251;10/01/11
02170;780;864;176;119;994;355;1342;83;219;10/01/11
02171;778;891;172;139;950;408;1315;76;278;10/01/11
02172;778;852;153;135;990;352;1247;116;267;10/01/11
02173;756;851;170;136;953;348;1350;69;188;10/01/11
03001;854;907;181;150;1040;390;1368;58;335;10/01/11
03002;1055;1098;254;170;1349;380;1458;132;563;10/01/11
03003;842;862;202;142;1055;305;1120;107;477;10/01/11
03004;746;862;172;118;1019;299;1230;92;286;10/01/11
03005;542;629;97;94;659;321;979;51;141;10/01/11
03006;732;747;179;142;907;251;1058;108;313;10/01/11
03007;815;872;186;166;1037;298;1279;85;323;10/01/11
03008;591;648;126;98;772;243;871;81;287;10/01/11
03009;568;663;131;91;748;261;945;75;211;10/01/11
03010;770;909;185;199;1007;288;1201;92;386;10/01/11
03011;952;958;230;207;1161;312;1174;136;600;10/01/11
03012;1095;1173;267;213;1391;397;1491;130;647;10/01/11
03013;1012;941;239;188;1233;293;1289;134;530;10/01/11
03014;975;943;220;175;1212;311;1244;105;569;10/01/11
03015;1562;1546;369;260;1890;589;2120;233;755;10/01/11
03016;594;632;158;104;743;221;788;79;359;10/01/11
03017;950;932;240;158;1199;285;1192;112;578;10/01/11
03018;804;814;204;153;957;304;1268;62;288;10/01/11
03019;705;790;152;142;932;269;1098;81;316;10/01/11
03020;640;626;107;133;738;288;1075;51;140;10/01/11
03021;537;618;105;91;623;336;998;28;129;10/01/11
03022;738;741;185;100;948;246;1147;74;258;10/01/11
03023;928;937;234;156;1203;272;1259;135;471;10/01/11
03024;1014;966;258;168;1243;311;1413;171;396;10/01/11
03025;566;567;150;128;595;260;1035;6;92;10/01/11
03026;533;544;122;55;494;406;981;26;70;10/01/11
03027;829;850;285;124;870;400;1528;34;117;10/01/11
03028;974;1031;436;153;1208;208;1736;56;213;10/01/11
03029;593;716;176;139;615;379;1205;10;94;10/01/11
03030;744;889;197;168;816;452;1439;42;152;10/01/11
03031;1208;1279;306;266;1506;409;2216;34;237;10/01/11
03032;720;815;228;159;910;238;1287;63;185;10/01/11
03033;766;741;220;124;839;324;1092;38;377;10/01/11
03034;1502;1548;441;407;1800;402;2703;29;318;10/01/11
03035;3534;3724;903;780;4173;1402;5979;182;1097;10/01/11
03036;1126;1173;359;214;1396;330;2052;44;203;10/01/11
03037;567;598;177;175;697;116;1054;15;96;10/01/11
03038;727;747;251;151;788;284;1368;6;100;10/01/11
03039;956;979;240;183;1082;430;1442;61;432;10/01/11
03040;746;838;155;119;977;333;1439;49;96;10/01/11
03041;630;712;166;109;723;344;1067;48;227;10/01/11
03042;637;680;150;120;766;281;1060;60;197;10/01/11
03043;778;837;177;144;962;332;1286;102;227;10/01/11
03044;898;1020;242;149;1151;376;1471;81;366;10/01/11
03045;494;575;99;94;635;241;845;57;167;10/01/11
03046;675;775;121;165;946;218;1246;82;122;10/01/11
03047;867;916;175;185;1105;318;1386;91;306;10/01/11
03048;704;758;118;160;896;288;1161;61;240;10/01/11
03049;783;850;161;139;962;371;1345;72;216;10/01/11
03050;807;850;148;138;1067;304;1296;70;291;10/01/11
03051;896;976;274;149;1177;272;1416;104;352;10/01/11
03052;592;630;146;92;698;286;961;56;205;10/01/11
03053;1009;1058;237;171;1258;401;1487;99;481;10/01/11
03054;868;924;200;180;1104;308;1474;54;264;10/01/11
03055;793;834;169;153;1003;302;1350;59;218;10/01/11
03056;389;484;90;58;500;225;743;24;106;10/01/11
03057;684;829;154;140;884;335;1320;41;152;10/01/11
03058;534;739;139;124;700;310;1170;32;71;10/01/11
03059;610;621;148;94;670;319;1045;18;168;10/01/11
03060;678;713;147;132;830;282;1222;37;132;10/01/11
03061;539;634;117;66;585;405;979;24;170;10/01/11
03062;767;883;200;111;941;398;1383;58;209;10/01/11
03063;603;635;159;93;721;265;964;46;228;10/01/11
03064;681;741;199;147;916;160;1243;31;148;10/01/11
03065;684;693;155;238;857;127;1245;18;114;10/01/11
03066;1157;1152;291;218;1474;326;1957;60;292;10/01/11
03067;775;904;175;174;987;343;1469;36;174;10/01/11
03068;558;615;117;82;695;279;1003;17;153;10/01/11
03069;563;609;116;121;703;232;1024;32;116;10/01/11
03070;679;682;132;151;847;231;1116;40;205;10/01/11
03071;626;717;171;100;770;302;1047;46;250;10/01/11
03072;676;723;158;124;858;259;1126;34;239;10/01/11
03073;740;848;142;153;1010;283;1347;42;199;10/01/11
03074;851;955;208;127;1103;368;1487;52;267;10/01/11
03075;770;854;185;151;955;333;1384;42;198;10/01/11
03076;499;523;78;90;597;257;907;15;100;10/01/11
03077;606;702;152;107;733;316;1097;32;179;10/01/11
03078;820;886;179;176;1047;304;1320;57;329;10/01/11
03079;870;959;202;161;1094;372;1355;67;407;10/01/11
03080;735;840;152;152;922;349;1344;40;191;10/01/11
03081;893;1092;225;196;1182;382;1638;54;293;10/01/11
03082;848;974;206;171;1070;375;1582;55;185;10/01/11
03083;657;726;112;171;853;247;1197;47;139;10/01/11
03084;706;796;150;127;931;294;1293;48;161;10/01/11
03085;574;677;112;113;768;258;1012;43;196;10/01/11
03086;623;691;133;129;797;255;1242;24;48;10/01/11
03087;689;802;141;93;789;468;1278;47;166;10/01/11
03088;680;771;138;102;867;344;1197;53;201;10/01/11
03089;560;642;109;110;674;309;1118;32;52;10/01/11
03090;509;592;150;100;587;264;988;28;85;10/01/11
03091;713;742;192;139;856;268;1252;46;157;10/01/11
03092;583;621;131;123;722;228;972;55;177;10/01/11
03093;792;813;195;173;962;275;1369;39;197;10/01/11
03094;531;611;106;77;648;311;1030;37;75;10/01/11
03095;752;934;181;136;1017;352;1338;50;298;10/01/11
03096;750;850;185;193;961;261;1139;69;392;10/01/11
03097;803;863;189;176;1011;290;1119;85;462;10/01/11
03098;683;744;172;137;864;254;1070;56;301;10/01/11
03099;490;592;134;77;650;221;863;38;181;10/01/11
03100;586;659;124;82;765;274;984;65;196;10/01/11
03101;1696;1045;180;280;1869;412;1274;200;1267;10/01/11
03102;658;725;167;128;828;260;1123;55;205;10/01/11
03103;580;660;125;92;748;275;1124;22;94;10/01/11
03104;730;773;203;124;921;255;1136;79;288;10/01/11
03105;548;636;118;94;733;239;943;36;205;10/01/11
03106;579;711;151;95;770;274;1027;59;204;10/01/11
03107;726;772;125;109;928;336;1276;46;176;10/01/11
03108;771;914;199;136;996;354;1289;90;306;10/01/11
03109;709;800;184;122;901;302;1251;61;197;10/01/11
03110;663;759;136;115;828;343;1213;70;139;10/01/11
03111;580;677;141;87;774;255;1078;48;131;10/01/11
03112;858;971;181;205;1105;338;1596;68;165;10/01/11
03113;730;864;160;140;816;478;1409;56;129;10/01/11
03114;669;816;157;170;823;335;1283;45;157;10/01/11
04001;548;661;128;142;693;246;1025;59;125;10/01/11
04002;854;960;224;195;1060;335;1669;48;97;10/01/11
04003;508;552;115;117;658;170;985;33;42;10/01/11
04004;493;559;124;113;646;169;905;28;119;10/01/11
04005;624;682;146;151;724;285;1119;36;151;10/01/11
04006;540;617;130;101;653;273;1050;37;70;10/01/11
04007;518;671;112;83;569;425;1039;38;112;10/01/11
04008;512;573;111;104;636;234;927;43;115;10/01/11
04009;671;771;154;154;850;284;1245;56;141;10/01/11
04010;425;471;120;88;516;172;829;19;48;10/01/11
04011;821;893;194;122;1054;344;1564;46;104;10/01/11
04012;672;794;149;187;842;288;1394;27;45;10/01/11
04013;577;685;137;138;720;267;1136;32;94;10/01/11
04014;387;484;101;63;396;311;796;16;59;10/01/11
04015;891;1069;225;212;1153;370;1767;53;140;10/01/11
04016;539;595;119;104;674;237;1014;41;79;10/01/11
04017;513;658;132;87;650;302;1064;29;78;10/01/11
04018;663;824;203;110;802;372;1334;54;99;10/01/11
04019;575;720;159;112;655;369;1144;69;82;10/01/11
04020;665;751;200;128;714;374;1267;43;106;10/01/11
04021;586;719;162;112;671;360;1166;54;85;10/01/11
04022;753;819;144;149;942;337;1338;78;156;10/01/11
04023;511;572;161;132;564;226;971;32;80;10/01/11
04024;504;532;150;116;558;212;948;19;69;10/01/11
04025;569;621;147;98;677;268;1056;52;82;10/01/11
04026;594;699;145;115;735;298;1154;47;92;10/01/11
04027;522;678;151;90;676;283;1069;57;74;10/01/11
04028;615;715;125;91;630;484;1167;69;94;10/01/11
04029;1658;971;158;325;1854;292;1259;128;1242;10/01/11
04030;810;931;204;138;943;456;1580;51;110;10/01/11
04031;667;761;156;134;803;335;1268;34;126;10/01/11
04032;724;869;178;151;910;354;1465;36;92;10/01/11
04033;529;654;112;94;732;245;1048;31;104;10/01/11
04034;713;782;169;131;829;366;1436;32;27;10/01/11
04035;652;782;149;122;896;267;1325;27;82;10/01/11
04036;753;953;190;125;817;574;1491;47;168;10/01/11
04037;975;1148;243;199;1165;516;1938;38;147;10/01/11
04038;601;680;132;141;734;274;1170;24;87;10/01/11
04039;560;650;166;97;709;238;1022;45;143;10/01/11
04040;701;794;210;117;832;336;1292;35;168;10/01/11
04041;608;734;144;106;771;321;1119;74;149;10/01/11
04042;831;904;136;170;1007;422;1501;58;176;10/01/11
04043;756;916;166;150;953;403;1573;24;75;10/01/11
04044;788;889;172;182;968;355;1461;34;182;10/01/11
04045;655;731;156;120;782;328;1229;35;122;10/01/11
04046;1217;1248;286;277;1434;468;2310;73;82;10/01/11
04047;781;870;184;192;933;342;1488;29;134;10/01/11
04048;1344;1564;318;255;1656;679;2634;78;196;10/01/11
04049;543;598;139;125;633;244;990;48;103;10/01/11
04050;943;1085;305;153;1069;501;1792;81;155;10/01/11
04051;746;865;207;125;795;484;1411;63;137;10/01/11
04052;985;1142;316;210;1080;521;1865;144;118;10/01/11
04053;689;826;171;228;821;295;1209;108;198;10/01/11
04054;512;560;120;131;554;267;954;39;79;10/01/11
04055;780;816;272;203;783;338;1239;251;106;10/01/11
04056;793;957;277;204;900;369;1394;202;154;10/01/11
05001;721;726;295;118;847;187;1278;97;72;10/01/11
05002;729;836;279;134;819;333;1409;98;58;10/01/11
05003;625;692;253;144;723;197;1196;71;50;10/01/11
05004;458;611;189;153;496;231;937;57;75;10/01/11
05005;509;591;201;124;515;260;983;65;52;10/01/11
05006;896;883;356;197;898;328;1482;202;95;10/01/11
05007;682;830;230;143;791;348;1373;80;59;10/01/11
05008;684;835;279;134;733;373;1409;34;76;10/01/11
05009;745;927;300;159;863;350;1493;96;83;10/01/11
05010;680;837;271;111;805;330;1372;92;53;10/01/11
05011;660;763;219;140;794;270;1291;50;82;10/01/11
05012;637;730;229;114;744;280;1232;69;66;10/01/11
05013;755;878;292;162;888;291;1479;84;70;10/01/11
05014;778;848;251;182;914;279;1411;111;104;10/01/11
05015;711;829;298;128;810;304;1331;83;126;10/01/11
05016;806;970;311;144;900;421;1542;113;121;10/01/11
05017;741;843;273;193;791;327;1368;123;93;10/01/11
05018;567;669;168;100;629;339;1142;36;58;10/01/11
05019;775;920;305;188;900;302;1517;70;108;10/01/11
05020;492;604;152;99;620;225;955;53;88;10/01/11
05021;556;647;225;176;622;180;994;52;157;10/01/11
05022;738;937;259;187;884;345;1568;45;62;10/01/11
05023;657;807;212;127;792;333;1292;58;114;10/01/11
05024;856;1000;298;215;927;416;1697;79;80;10/01/11
05025;607;712;206;192;649;272;1207;34;78;10/01/11
05026;652;729;252;162;698;269;1270;41;70;10/01/11
05027;631;698;238;155;645;291;1242;47;40;10/01/11
05028;697;775;308;160;723;281;1357;49;66;10/01/11
05029;781;842;353;201;787;282;1453;94;76;10/01/11
05030;669;749;278;171;701;268;1332;42;44;10/01/11
05031;709;847;266;175;760;355;1429;65;62;10/01/11
05032;722;860;253;164;779;386;1415;68;99;10/01/11
05033;583;743;224;98;668;336;1188;71;67;10/01/11
05034;481;670;140;125;602;284;1041;49;61;10/01/11
05035;539;574;131;146;524;312;1051;31;31;10/01/11
05036;772;890;284;193;853;332;1524;62;76;10/01/11
05037;595;778;230;106;730;307;1228;67;78;10/01/11
05038;592;692;169;107;741;267;1092;51;141;10/01/11
05039;726;858;272;171;845;296;1484;35;65;10/01/11
05040;628;737;209;116;780;260;1224;48;93;10/01/11
05041;602;804;188;153;828;237;1258;73;75;10/01/11
05042;573;656;162;103;655;309;1120;41;68;10/01/11
05043;653;758;214;139;797;261;1221;70;120;10/01/11
05044;561;694;173;119;653;310;1119;47;89;10/01/11
05045;683;829;237;164;782;329;1383;51;78;10/01/11
05046;501;667;177;120;552;319;1106;33;29;10/01/11
05047;564;689;239;145;600;269;1160;40;53;10/01/11
05048;556;671;177;149;568;333;1160;15;52;10/01/11
05049;740;858;282;172;805;339;1468;56;74;10/01/11
05050;728;877;234;142;911;318;1428;46;131;10/01/11
05051;757;844;279;160;803;359;1467;71;63;10/01/11
05052;641;795;254;165;704;313;1328;48;60;10/01/11
05053;702;823;256;194;762;313;1380;63;82;10/01/11
05054;495;609;151;157;555;241;987;33;84;10/01/11
05055;676;773;251;160;674;364;1342;37;70;10/01/11
05056;519;702;187;108;573;353;1122;40;59;10/01/11
05057;799;921;247;200;875;398;1605;50;65;10/01/11
05058;689;842;239;131;795;366;1331;84;116;10/01/11
05059;662;891;223;125;816;389;1353;89;111;10/01/11
05060;503;629;199;131;544;258;1009;52;71;10/01/11
05061;687;785;154;133;874;311;1211;82;179;10/01/11
05062;699;881;205;156;833;386;1397;74;109;10/01/11
05063;716;889;235;172;830;368;1435;55;115;10/01/11
05064;747;891;235;153;894;356;1389;91;158;10/01/11
05065;695;878;208;141;822;402;1382;92;99;10/01/11
05066;539;714;161;118;647;327;1150;30;73;10/01/11
05067;596;723;178;113;697;331;1155;69;95;10/01/11
05068;667;778;189;116;834;306;1272;63;110;10/01/11
05069;782;904;250;169;935;332;1455;93;138;10/01/11
05070;610;796;175;117;760;354;1273;46;87;10/01/11
05071;700;856;219;134;848;355;1305;101;150;10/01/11
05072;673;913;222;149;863;352;1434;52;100;10/01/11
05073;742;862;181;180;892;351;1423;59;122;10/01/11
05074;728;872;248;157;829;366;1463;62;75;10/01/11
05075;753;946;244;140;875;440;1520;85;94;10/01/11
05076;626;748;171;133;735;335;1215;68;91;10/01/11
05077;607;763;210;158;681;321;1258;43;69;10/01/11
05078;918;1093;353;169;1078;411;1798;80;133;10/01/11
05079;564;653;160;141;675;241;1089;40;88;10/01/11
05080;560;756;163;128;738;287;1113;86;117;10/01/11
05081;653;854;204;121;860;322;1304;94;109;10/01/11
05082;734;841;207;145;901;322;1357;75;143;10/01/11
05083;576;700;154;116;706;300;1131;42;103;10/01/11
05084;588;752;189;113;752;286;1177;73;90;10/01/11
05085;1664;957;214;328;1851;228;1200;214;1207;10/01/11
05086;564;706;178;105;754;233;1094;72;104;10/01/11
05087;702;863;187;143;880;355;1369;81;115;10/01/11
05088;802;885;215;189;1014;269;1497;70;120;10/01/11
05089;774;880;210;178;920;346;1444;99;111;10/01/11
05090;837;946;217;131;1123;312;1540;107;136;10/01/11
05091;644;842;200;122;850;314;1329;77;80;10/01/11
05092;721;889;243;150;858;359;1397;104;109;10/01/11
05093;487;595;152;107;572;251;933;46;103;10/01/11
05094;1114;1424;373;263;1308;594;2288;80;170;10/01/11
05095;746;912;243;138;901;376;1451;79;128;10/01/11
05096;493;582;144;98;598;235;949;50;76;10/01/11
05097;744;860;275;124;934;271;1398;98;108;10/01/11
05098;693;832;222;124;940;239;1323;83;119;10/01/11
06001;487;629;112;85;640;279;899;71;146;10/01/11
06002;698;819;193;105;872;347;1237;82;198;10/01/11
06003;733;802;200;136;924;275;1361;53;121;10/01/11
06004;530;606;111;98;653;274;989;54;93;10/01/11
06005;509;571;153;85;638;204;908;73;99;10/01/11
06006;462;541;147;87;568;201;903;39;61;10/01/11
06007;769;921;270;162;995;263;1444;80;166;10/01/11
06008;806;1041;205;161;1017;464;1576;81;190;10/01/11
06009;577;610;215;89;651;232;1087;64;36;10/01/11
06010;465;543;107;98;567;236;901;32;75;10/01/11
06011;586;692;174;103;629;372;1201;31;46;10/01/11
06012;504;598;112;84;583;323;965;60;77;10/01/11
06013;794;886;222;153;941;364;1435;97;148;10/01/11
06014;658;726;147;122;827;288;1210;55;119;10/01/11
06015;668;716;183;115;825;261;1180;57;147;10/01/11
06016;776;830;229;154;1011;212;1327;92;187;10/01/11
06017;605;664;179;76;760;254;1097;62;110;10/01/11
06018;582;699;148;117;758;258;1096;78;107;10/01/11
06019;688;789;170;121;926;260;1239;105;133;10/01/11
06020;542;606;109;85;657;297;977;47;124;10/01/11
06021;647;731;182;142;762;292;1214;77;87;10/01/11
06022;654;713;166;128;781;292;1214;66;87;10/01/11
06023;617;716;132;154;795;252;1264;30;39;10/01/11
06024;715;904;168;147;870;434;1418;66;135;10/01/11
06025;640;771;156;114;756;385;1278;42;91;10/01/11
06026;434;565;106;79;565;249;849;33;117;10/01/11
06027;558;668;154;116;687;269;1083;54;89;10/01/11
06028;659;687;147;93;816;290;1131;81;134;10/01/11
06029;572;687;98;108;748;305;1108;62;89;10/01/11
06030;598;757;133;102;799;321;1153;73;129;10/01/11
06031;515;644;110;77;720;252;1000;62;97;10/01/11
06032;562;637;137;85;773;204;1000;78;121;10/01/11
06033;597;720;135;108;802;272;1117;81;119;10/01/11
06034;541;731;112;87;790;283;1065;99;108;10/01/11
06035;439;565;101;106;529;268;892;47;65;10/01/11
06036;550;754;150;114;697;343;1132;87;85;10/01/11
06037;514;572;131;87;615;253;915;84;87;10/01/11
06038;619;796;186;96;817;316;1237;86;92;10/01/11
06039;740;905;173;98;1062;312;1289;160;196;10/01/11
06040;706;938;156;142;934;412;1359;128;157;10/01/11
06041;702;916;168;140;958;352;1350;157;111;10/01/11
06042;721;867;171;98;1006;313;1275;120;193;10/01/11
06043;579;677;126;78;794;258;1044;106;106;10/01/11
06044;665;738;131;97;867;308;1197;90;116;10/01/11
06045;564;709;114;84;829;246;1013;135;125;10/01/11
06046;487;609;115;69;680;232;920;91;85;10/01/11
06047;1662;1004;164;306;1928;268;1142;289;1235;10/01/11
06048;611;751;153;74;851;284;1073;126;163;10/01/11
06049;479;587;112;91;660;203;890;70;106;10/01/11
06050;558;675;117;91;803;222;946;158;129;10/01/11
06051;581;733;152;109;793;260;1035;105;174;10/01/11
06052;704;853;147;109;985;316;1273;146;138;10/01/11
06053;674;790;172;97;892;303;1221;106;137;10/01/11
06054;780;904;172;111;1109;292;1347;157;180;10/01/11
06055;659;797;157;102;845;352;1263;86;107;10/01/11
06056;763;887;199;105;1089;257;1267;125;258;10/01/11
06057;726;825;162;90;997;302;1245;137;169;10/01/11
06058;758;968;163;94;1132;337;1342;129;255;10/01/11
06059;685;835;169;97;937;317;1288;77;155;10/01/11
06060;879;991;212;154;1165;339;1454;142;274;10/01/11
06061;622;752;134;108;850;282;1115;78;181;10/01/11
06062;607;692;137;92;811;259;1124;81;94;10/01/11
06063;725;829;181;97;976;300;1274;105;175;10/01/11
06064;895;1035;231;142;1083;474;1658;98;174;10/01/11
06065;519;644;161;98;659;245;1022;44;97;10/01/11
06066;445;608;103;73;645;232;904;51;98;10/01/11
06067;825;1018;214;123;1131;375;1518;119;206;10/01/11
06068;658;874;185;130;834;383;1325;83;124;10/01/11
06069;537;597;138;71;663;262;950;77;107;10/01/11
06070;872;1057;202;151;1161;415;1573;96;260;10/01/11
06071;504;544;140;97;589;222;922;36;90;10/01/11
06072;744;880;150;150;949;375;1416;60;148;10/01/11
06073;667;750;141;144;841;291;1210;65;142;10/01/11
06074;473;570;121;88;583;251;896;59;88;10/01/11
06075;511;588;121;114;641;223;1011;24;64;10/01/11
06076;641;666;149;87;739;332;1204;38;65;10/01/11
06077;599;742;165;121;797;258;1071;60;210;10/01/11
06078;588;664;135;99;769;249;1072;85;95;10/01/11
06079;523;599;123;89;650;260;975;36;111;10/01/11
06080;552;615;132;84;674;277;1045;40;82;10/01/11
06081;606;705;149;109;775;278;1119;63;129;10/01/11
06082;784;950;210;152;962;410;1532;95;107;10/01/11
06083;809;915;173;141;998;412;1546;37;141;10/01/11
06084;666;814;172;122;822;364;1289;67;124;10/01/11
06085;526;688;127;91;673;323;1097;49;68;10/01/11
06086;447;520;110;107;558;192;931;18;18;10/01/11
06087;905;1039;192;167;1188;397;1781;60;103;10/01/11
06088;581;669;162;115;688;285;1112;46;92;10/01/11
07001;758;966;177;141;850;556;1549;51;124;10/01/11
07002;532;607;106;74;677;282;987;31;121;10/01/11
07003;637;720;161;124;806;266;1099;64;194;10/01/11
07004;701;822;159;137;902;325;1261;56;206;10/01/11
07005;695;774;158;100;852;359;1287;44;138;10/01/11
07006;465;568;116;106;612;199;930;33;70;10/01/11
07007;641;804;151;113;682;499;1277;30;138;10/01/11
07008;678;746;133;152;831;308;1292;32;100;10/01/11
07009;535;673;132;91;681;304;1024;43;141;10/01/11
07010;610;718;147;136;741;304;1117;40;171;10/01/11
07011;551;643;119;81;741;253;940;73;181;10/01/11
07012;750;847;138;132;974;353;1334;71;192;10/01/11
07013;586;673;114;145;724;276;1175;21;63;10/01/11
07014;455;517;120;70;517;265;810;28;134;10/01/11
07015;668;759;159;144;788;336;1220;37;170;10/01/11
07016;642;628;151;142;727;250;1144;20;106;10/01/11
07017;735;924;182;121;884;472;1404;66;189;10/01/11
07018;746;928;209;137;914;414;1359;65;250;10/01/11
07019;696;805;167;126;846;362;1299;74;128;10/01/11
07020;687;839;190;124;865;347;1259;66;201;10/01/11
07021;502;533;109;110;639;177;949;32;54;10/01/11
07022;556;618;149;101;692;232;1086;27;61;10/01/11
07023;612;680;169;119;758;246;1150;35;107;10/01/11
07024;654;759;170;106;820;317;1247;50;116;10/01/11
07025;684;762;171;130;832;313;1151;78;217;10/01/11
07026;504;586;91;94;536;369;989;22;79;10/01/11
07027;906;1049;253;149;1071;482;1640;66;249;10/01/11
07028;688;762;224;140;878;208;1198;57;195;10/01/11
07029;665;669;129;120;717;368;1155;31;148;10/01/11
07030;611;736;162;93;745;347;1162;30;155;10/01/11
07031;727;768;175;114;882;324;1236;46;213;10/01/11
07032;648;645;154;110;764;265;1145;49;99;10/01/11
07033;676;752;166;113;829;320;1257;26;145;10/01/11
07034;663;755;165;122;821;310;1273;35;110;10/01/11
07035;786;955;247;139;1002;353;1535;63;143;10/01/11
07036;646;771;154;131;826;306;1213;40;164;10/01/11
07037;657;806;175;132;834;322;1231;35;197;10/01/11
07038;625;740;178;118;755;314;1166;40;159;10/01/11
07039;727;831;199;119;932;308;1366;50;142;10/01/11
07040;668;783;168;115;846;322;1259;55;137;10/01/11
07041;600;791;165;106;824;296;1124;45;222;10/01/11
07042;692;822;162;125;914;313;1273;62;179;10/01/11
07043;639;737;154;112;775;335;1174;66;136;10/01/11
07044;591;725;132;102;751;331;1178;23;115;10/01/11
07045;683;791;165;119;825;365;1275;37;162;10/01/11
07046;621;733;145;90;769;350;1138;37;179;10/01/11
07047;661;730;142;130;811;308;1150;38;203;10/01/11
07048;612;700;169;96;707;340;1117;36;159;10/01/11
07049;573;661;129;100;716;289;1082;17;135;10/01/11
07050;530;619;135;89;653;272;967;34;148;10/01/11
07051;784;946;226;164;962;378;1460;55;215;10/01/11
07052;611;695;156;106;696;348;1232;36;38;10/01/11
07053;715;778;216;136;849;292;1394;27;72;10/01/11
07054;715;797;236;124;851;301;1409;47;56;10/01/11
07055;575;623;170;119;634;275;1162;20;16;10/01/11
07056;594;625;179;95;700;245;1123;27;69;10/01/11
07057;681;771;206;128;820;298;1355;22;75;10/01/11
07058;688;708;194;128;844;230;1305;34;57;10/01/11
07059;645;680;150;124;760;291;1165;54;106;10/01/11
07060;945;984;240;175;1136;378;1634;71;224;10/01/11
07061;661;634;175;121;760;239;1210;19;66;10/01/11
07062;579;649;163;87;784;194;1085;27;116;10/01/11
07063;746;762;205;153;886;264;1351;14;143;10/01/11
07064;820;899;250;146;954;369;1495;42;182;10/01/11
07065;872;923;218;199;1022;356;1426;54;315;10/01/11
07066;882;936;216;183;1021;398;1459;34;325;10/01/11
07067;747;802;226;124;853;346;1294;38;217;10/01/11
07068;574;652;186;115;672;253;1051;20;155;10/01/11
07069;697;738;170;117;842;306;1218;24;193;10/01/11
07070;688;757;206;119;813;307;1231;37;177;10/01/11
07071;656;710;150;139;751;326;1205;28;133;10/01/11
07072;647;695;167;120;745;310;1179;24;139;10/01/11
07073;502;627;122;87;634;286;999;24;106;10/01/11
07074;806;896;229;125;967;381;1457;38;207;10/01/11
07075;614;597;128;115;649;319;1012;27;172;10/01/11
07076;631;685;168;112;705;331;1124;25;167;10/01/11
07077;672;720;194;127;812;259;1174;25;193;10/01/11
07078;687;710;188;136;823;250;1201;45;151;10/01/11
07079;691;767;168;115;833;342;1304;16;138;10/01/11
07080;811;910;266;128;1031;296;1506;25;190;10/01/11
07081;989;1049;279;196;1224;339;1804;47;187;10/01/11
07082;648;688;191;108;765;272;1150;31;155;10/01/11
07083;639;668;128;119;749;311;1109;23;175;10/01/11
07084;654;673;161;106;787;273;1088;37;202;10/01/11
07085;675;713;196;142;813;237;1232;45;111;10/01/11
07086;697;775;184;140;808;340;1212;61;199;10/01/11
07087;776;850;174;150;953;349;1359;34;233;10/01/11
07088;659;664;202;112;760;249;1081;37;205;10/01/11
07089;615;752;151;111;730;375;1188;33;146;10/01/11
07090;720;708;200;133;816;279;1313;21;94;10/01/11
07091;576;650;156;110;655;305;1067;44;115;10/01/11
07092;693;801;126;110;682;576;1187;23;284;10/01/11
07093;744;816;158;140;834;428;1422;33;105;10/01/11
07094;541;686;128;71;585;443;1113;16;98;10/01/11
07095;717;865;225;95;841;421;1402;38;142;10/01/11
07096;678;807;193;102;718;472;1274;28;183;10/01/11
07097;407;570;87;44;344;502;897;11;69;10/01/11
07098;846;956;296;159;984;363;1697;33;72;10/01/11
07099;563;613;144;174;745;113;1058;30;88;10/01/11
07100;571;644;117;86;615;397;1071;39;105;10/01/11
07101;673;740;140;92;731;450;1235;44;134;10/01/11
07102;240;225;62;42;245;116;359;12;94;10/01/11
07103;707;770;164;172;828;313;1198;52;227;10/01/11
07104;756;839;189;157;860;389;1416;31;148;10/01/11
07105;530;558;136;112;630;210;1024;17;47;10/01/11
07106;521;590;113;78;560;360;1041;10;60;10/01/11
07107;570;648;143;107;708;260;1156;12;50;10/01/11
07108;619;669;171;124;729;264;1195;28;65;10/01/11
07109;816;896;172;128;962;450;1538;30;144;10/01/11
07110;443;614;106;67;484;400;995;12;50;10/01/11
07111;439;508;91;63;469;324;899;14;34;10/01/11
07112;568;649;158;117;674;268;1155;5;57;10/01/11
07113;575;612;185;69;653;280;1087;14;86;10/01/11
07114;527;638;160;102;662;241;1095;10;60;10/01/11
07115;503;598;144;109;585;263;1016;36;49;10/01/11
07116;748;811;203;131;937;288;1433;30;96;10/01/11
07117;1600;868;173;330;1709;256;1124;142;1202;10/01/11
07118;551;667;145;76;683;314;1098;27;93;10/01/11
07119;551;649;135;98;664;303;1038;22;140;10/01/11
07120;586;700;120;120;714;332;1107;19;160;10/01/11
07121;548;639;122;81;646;338;1005;30;152;10/01/11
07122;567;705;143;89;650;390;1151;18;103;10/01/11
07123;644;735;167;132;764;316;1260;28;91;10/01/11
08001;637;693;132;141;744;313;1162;20;148;10/01/11
08002;580;695;175;82;681;337;1143;23;109;10/01/11
08003;593;663;140;105;722;289;1083;14;159;10/01/11
08004;646;765;155;130;776;350;1165;15;231;10/01/11
08005;571;618;131;120;670;268;1054;24;111;10/01/11
08006;688;781;188;150;809;322;1258;40;171;10/01/11
08007;559;689;115;116;677;340;1136;17;95;10/01/11
08008;753;845;168;141;957;332;1392;42;164;10/01/11
08009;759;903;216;119;904;423;1454;16;192;10/01/11
08010;507;599;133;101;629;243;984;19;103;10/01/11
08011;534;634;180;93;614;281;1088;17;63;10/01/11
08012;598;749;179;124;697;347;1152;32;163;10/01/11
08013;547;632;122;99;663;295;1009;16;154;10/01/11
08014;537;653;155;111;619;305;987;20;183;10/01/11
08015;638;783;173;125;758;365;1164;27;230;10/01/11
08016;520;633;130;72;589;362;999;11;143;10/01/11
08017;626;695;115;126;785;295;1221;19;81;10/01/11
08018;689;812;142;146;884;329;1314;9;178;10/01/11
08019;811;954;193;177;1014;381;1416;38;311;10/01/11
08020;569;692;140;87;716;318;1090;24;147;10/01/11
08021;690;793;193;102;843;345;1225;18;240;10/01/11
08022;595;663;144;139;685;290;1163;10;85;10/01/11
08023;645;717;168;104;766;324;1105;29;228;10/01/11
08024;645;749;168;125;766;335;1197;26;171;10/01/11
08025;546;648;138;86;606;364;987;27;180;10/01/11
08026;554;680;136;75;644;379;1079;29;126;10/01/11
08027;601;638;139;91;684;325;1122;13;104;10/01/11
08028;568;579;116;100;647;284;1007;15;125;10/01/11
08029;683;760;200;122;801;320;1347;17;79;10/01/11
08030;675;723;201;106;826;265;1214;13;171;10/01/11
08031;611;687;158;83;768;289;1189;13;96;10/01/11
08032;615;698;145;135;760;273;1200;16;97;10/01/11
08033;679;767;157;130;829;330;1160;20;266;10/01/11
08034;495;619;98;70;477;469;955;10;149;10/01/11
08035;627;715;125;82;660;475;1167;14;161;10/01/11
08036;703;775;159;125;819;375;1194;33;251;10/01/11
08037;698;795;168;111;803;411;1238;24;231;10/01/11
08038;665;800;183;117;776;389;1238;16;211;10/01/11
08039;716;818;192;111;789;442;1241;31;262;10/01/11
08040;759;858;227;164;818;408;1267;9;341;10/01/11
08041;1207;1317;368;289;1411;456;1501;54;969;10/01/11
08042;595;679;136;87;578;473;1131;17;126;10/01/11
08043;449;610;96;101;481;381;1029;2;28;10/01/11
08044;1684;987;204;367;1719;381;1179;133;1359;10/01/11
08045;813;901;214;164;932;404;1229;42;443;10/01/11
08046;626;767;141;116;645;491;1139;7;247;10/01/11
08047;770;835;207;155;791;452;1169;20;416;10/01/11
08048;508;577;122;130;547;286;1043;14;28;10/01/11
08049;574;636;149;128;648;285;1152;9;49;10/01/11
08050;1335;1474;290;269;1662;588;2513;54;242;10/01/11
08051;620;674;236;67;755;236;1249;12;33;10/01/11
08052;422;498;130;62;466;262;844;20;56;10/01/11
08053;551;587;112;83;579;364;1039;18;81;10/01/11
08054;810;933;188;111;843;601;1605;20;118;10/01/11
08055;902;997;203;167;1122;407;1777;28;94;10/01/11
08056;719;783;166;118;704;514;1367;13;122;10/01/11
08057;606;712;145;105;609;459;1192;24;102;10/01/11
08058;764;917;200;134;824;523;1529;30;122;10/01/11
08059;505;524;106;74;541;308;975;6;48;10/01/11
08060;608;683;123;139;754;275;1221;9;61;10/01/11
08061;840;884;226;135;964;399;1623;26;75;10/01/11
08062;624;662;156;150;759;221;1244;4;38;10/01/11
08063;568;630;107;103;736;252;1143;2;53;10/01/11
08064;851;931;235;172;970;405;1677;18;87;10/01/11
08065;858;841;277;191;1003;228;1351;38;310;10/01/11
08066;868;882;287;235;1031;197;1299;70;381;10/01/11
08067;883;833;269;182;996;269;1396;31;289;10/01/11
08068;866;932;265;206;1002;325;1435;34;329;10/01/11
08069;725;763;199;167;895;227;1210;49;229;10/01/11
08070;759;758;198;166;902;251;1078;41;398;10/01/11
08071;859;871;224;189;991;326;1355;29;346;10/01/11
08072;592;632;165;126;660;273;1069;9;146;10/01/11
08073;833;870;197;157;967;382;1291;77;335;10/01/11
08074;716;757;215;148;829;281;1117;46;310;10/01/11
08075;858;953;214;145;1031;421;1501;30;280;10/01/11
08076;727;822;142;128;831;448;1332;15;202;10/01/11
08077;713;770;244;179;816;244;1390;4;89;10/01/11
08078;713;809;176;113;851;382;1236;58;228;10/01/11
08079;658;714;183;112;769;308;1079;26;267;10/01/11
08080;709;785;175;150;857;312;1203;18;273;10/01/11
08081;690;807;224;131;815;327;1179;19;299;10/01/11
08082;761;884;192;154;866;433;1303;18;324;10/01/11
08083;628;653;151;108;718;304;1020;29;232;10/01/11
08084;580;613;143;83;649;318;1005;12;176;10/01/11
08085;757;800;226;160;875;296;1220;18;319;10/01/11
08086;839;913;224;130;996;402;1418;29;305;10/01/11
08087;593;666;139;75;700;345;1063;17;179;10/01/11
08088;630;660;179;112;704;295;1042;26;222;10/01/11
08089;631;655;138;110;680;358;1046;28;212;10/01/11
08090;587;642;141;109;661;318;1078;17;134;10/01/11
08091;608;603;142;98;647;324;1051;4;156;10/01/11
08092;501;519;97;93;600;230;916;19;85;10/01/11
08093;606;643;153;118;674;304;1061;19;169;10/01/11
08094;740;767;137;125;845;400;1383;12;112;10/01/11
08095;523;583;142;70;525;369;1064;9;33;10/01/11
08096;706;746;211;134;833;274;1289;19;144;10/01/11
08097;685;706;234;127;744;286;1154;5;232;10/01/11
08098;574;665;184;92;622;341;1079;18;142;10/01/11
08099;667;704;176;111;816;268;1140;22;209;10/01/11
08100;568;689;162;101;688;306;1049;18;190;10/01/11
08101;807;929;201;164;982;389;1506;5;225;10/01/11
08102;619;681;169;103;714;314;1044;22;234;10/01/11
08103;775;797;202;158;891;321;1187;29;356;10/01/11
08104;578;718;163;103;692;338;1077;9;210;10/01/11
08105;754;783;223;142;843;329;1258;26;253;10/01/11
08106;740;807;235;172;823;317;1170;11;366;10/01/11
08107;862;931;265;165;1021;342;1559;14;220;10/01/11
08108;561;561;186;130;627;179;1017;13;92;10/01/11
08109;553;516;183;139;585;162;952;14;103;10/01/11
08110;1050;987;367;240;1157;273;1212;42;783;10/01/11
08111;857;823;259;207;915;299;1091;31;558;10/01/11
08112;900;860;286;192;993;289;1086;60;614;10/01/11
08113;915;872;271;203;1030;283;1205;31;551;10/01/11
08114;1003;930;276;214;1159;284;1364;55;514;10/01/11
08115;884;878;252;204;996;310;1070;51;641;10/01/11
08116;662;689;232;128;741;250;1194;37;120;10/01/11
09001;1571;1240;462;380;1646;323;1532;77;1202;10/01/11
09002;1283;1061;347;298;1378;321;1358;71;915;10/01/11
09003;1029;1029;303;218;1241;296;1469;44;545;10/01/11
09004;912;872;277;198;1039;270;1266;21;497;10/01/11
09005;739;729;239;151;891;187;1212;21;235;10/01/11
09006;560;619;171;135;634;239;1100;10;69;10/01/11
09007;615;635;249;114;705;182;1160;8;82;10/01/11
09008;897;869;509;67;1121;69;1629;33;104;10/01/11
09009;663;691;237;86;804;227;1275;14;65;10/01/11
09010;768;817;218;169;844;354;1497;21;67;10/01/11
09011;549;580;168;132;576;253;1002;22;105;10/01/11
09012;559;572;156;108;617;250;1011;5;115;10/01/11
09013;979;990;315;195;1067;392;1485;35;449;10/01/11
09014;1909;1075;305;349;2010;320;1346;157;1481;10/01/11
09015;913;890;277;131;1078;317;1437;22;344;10/01/11
09016;696;734;178;153;893;206;1346;3;81;10/01/11
09017;705;774;250;131;844;254;1346;21;112;10/01/11
09018;722;759;199;113;852;317;1415;7;59;10/01/11
09019;1130;1165;301;270;1516;208;2171;31;93;10/01/11
09020;539;622;119;88;617;337;1112;25;24;10/01/11
09021;680;725;175;141;808;281;1283;22;100;10/01/11
09022;588;637;132;115;718;260;1146;18;61;10/01/11
09023;563;624;168;124;697;198;1116;11;60;10/01/11
09024;559;620;137;87;626;329;1087;17;75;10/01/11
09025;544;621;134;83;712;236;1054;24;87;10/01/11
09026;730;801;169;162;941;259;1398;24;109;10/01/11
09027;650;707;148;160;866;183;1281;13;63;10/01/11
09028;767;803;389;78;975;128;1541;12;17;10/01/11
09029;606;619;138;101;779;207;1125;17;83;10/01/11
09030;672;795;257;80;859;271;1395;16;56;10/01/11
09031;536;596;241;62;664;165;1117;6;9;10/01/11
09032;682;790;233;116;881;242;1277;22;173;10/01/11
09033;1474;1574;348;274;1988;438;2699;79;270;10/01/11
09034;690;722;147;86;885;294;1296;12;104;10/01/11
09035;751;813;159;143;951;311;1397;21;146;10/01/11
09036;702;801;177;146;895;285;1397;10;96;10/01/11
09037;632;782;156;124;809;325;1301;20;93;10/01/11
09038;715;834;216;145;905;283;1444;19;86;10/01/11
09039;762;821;189;141;986;267;1423;33;127;10/01/11
09040;666;830;207;110;810;369;1361;26;109;10/01/11
09041;652;784;189;106;830;311;1300;30;106;10/01/11
09042;593;661;109;91;774;280;1135;37;82;10/01/11
09043;656;705;174;83;798;306;1238;19;104;10/01/11
09044;706;800;176;136;898;296;1378;35;93;10/01/11
09045;676;726;176;107;809;310;1280;11;111;10/01/11
09046;625;716;141;123;812;265;1222;26;93;10/01/11
09047;711;793;193;120;884;307;1372;29;103;10/01/11
09048;623;717;164;115;755;306;1217;26;97;10/01/11
09049;626;728;146;148;789;271;1152;15;187;10/01/11
09050;732;863;197;145;889;364;1466;20;109;10/01/11
09051;580;655;139;121;707;268;1099;28;108;10/01/11
09052;547;641;129;110;707;242;1081;23;84;10/01/11
09053;640;766;128;104;832;342;1309;18;79;10/01/11
09054;512;619;111;100;581;339;1028;12;91;10/01/11
09055;1411;1646;240;295;2089;433;2520;56;481;10/01/11
09056;585;667;108;107;756;281;1111;11;130;10/01/11
09057;746;874;170;163;861;426;1354;32;234;10/01/11
09058;653;731;218;98;837;231;1205;25;154;10/01/11
09059;650;703;153;99;769;332;1203;22;128;10/01/11
09060;594;705;159;109;743;288;1180;10;109;10/01/11
09061;827;881;294;144;1014;256;1590;28;90;10/01/11
09062;541;559;151;81;697;171;910;21;169;10/01/11
09063;602;617;165;98;751;205;1080;34;105;10/01/11
09064;594;676;121;174;758;217;1133;24;113;10/01/11
09065;976;1117;205;249;1266;373;1783;38;272;10/01/11
09066;608;701;147;109;812;241;1176;27;106;10/01/11
09067;624;728;137;112;774;329;1216;15;121;10/01/11
09068;743;833;204;138;888;346;1434;30;112;10/01/11
09069;411;516;88;71;413;355;850;14;63;10/01/11
09070;875;1006;213;151;1076;441;1471;38;372;10/01/11
09071;847;983;194;181;983;472;1545;26;259;10/01/11
09072;665;817;173;100;840;369;1145;32;305;10/01/11
09073;729;824;159;182;943;269;1435;20;98;10/01/11
09074;728;902;189;136;764;541;1461;49;120;10/01/11
09075;668;822;179;155;787;369;1288;32;170;10/01/11
09076;618;774;139;105;689;459;1241;25;126;10/01/11
09077;672;830;160;107;726;509;1354;28;120;10/01/11
09078;692;779;183;131;800;357;1192;80;199;10/01/11
09079;726;864;195;150;902;343;1388;30;172;10/01/11
09080;657;732;147;122;824;296;1170;32;187;10/01/11
09081;819;957;226;142;1027;381;1494;48;234;10/01/11
09082;841;1013;237;156;1090;371;1557;60;237;10/01/11
09083;736;837;191;118;868;396;1429;30;114;10/01/11
09084;773;889;189;154;974;345;1439;46;177;10/01/11
09085;769;884;191;129;903;430;1450;24;179;10/01/11
09086;662;764;175;119;786;346;1212;37;177;10/01/11
09087;605;671;140;116;697;323;1108;17;151;10/01/11
09088;830;969;207;179;1013;400;1473;51;275;10/01/11
09089;655;813;150;103;766;449;1270;36;162;10/01/11
09090;777;825;171;125;965;341;1338;36;228;10/01/11
09091;904;965;201;179;1094;395;1613;36;220;10/01/11
09092;975;1051;247;188;1192;399;1725;43;258;10/01/11
09093;656;724;179;124;777;300;1247;29;104;10/01/11
09094;930;1081;266;176;1212;357;1710;50;251;10/01/11
09095;960;1135;262;189;1200;444;1778;58;259;10/01/11
10001;788;847;182;134;946;373;1311;38;286;10/01/11
10002;817;899;185;132;1063;336;1479;53;184;10/01/11
10003;694;749;190;106;844;303;1249;34;160;10/01/11
10004;633;763;146;98;827;325;1222;35;139;10/01/11
10005;767;843;153;164;972;321;1386;49;175;10/01/11
10006;789;955;192;127;956;469;1503;57;184;10/01/11
10007;660;679;129;95;852;263;1246;33;60;10/01/11
10008;787;934;159;107;1009;446;1424;60;237;10/01/11
10009;759;899;160;130;979;389;1394;63;201;10/01/11
10010;782;938;174;112;1014;420;1446;63;211;10/01/11
10011;574;688;126;104;778;254;1099;40;123;10/01/11
10012;877;966;206;164;1098;375;1585;76;182;10/01/11
10013;650;772;169;97;825;331;1189;55;178;10/01/11
10014;671;744;132;114;841;328;1150;61;204;10/01/11
10015;840;965;150;164;1066;425;1488;87;230;10/01/11
10016;635;657;132;145;788;227;1092;38;162;10/01/11
10017;774;896;163;132;980;395;1411;57;202;10/01/11
10018;674;727;146;128;841;286;1089;45;267;10/01/11
10019;760;857;150;160;956;351;1419;40;158;10/01/11
10020;701;802;161;106;902;334;1283;39;181;10/01/11
10021;656;737;166;111;824;292;1157;47;189;10/01/11
10022;601;720;175;103;789;254;1121;45;155;10/01/11
10023;683;766;184;97;819;349;1273;44;132;10/01/11
10024;727;754;205;117;924;235;1204;49;228;10/01/11
10025;611;728;159;105;789;286;1124;46;169;10/01/11
10026;707;796;200;123;939;241;1266;71;166;10/01/11
10027;804;875;229;173;1050;227;1422;45;212;10/01/11
10028;853;942;252;218;1036;289;1566;37;192;10/01/11
10029;761;793;190;118;982;264;1306;45;203;10/01/11
10030;814;931;200;128;1035;382;1573;24;148;10/01/11
10031;742;802;148;135;955;306;1293;54;197;10/01/11
10032;719;760;213;175;966;125;1266;53;160;10/01/11
10033;438;529;111;81;508;267;915;12;40;10/01/11
10034;870;912;195;162;1001;424;1626;35;121;10/01/11
10035;1022;1041;400;188;1217;258;1934;43;86;10/01/11
10036;733;714;323;120;895;109;1317;43;87;10/01/11
10037;1472;1614;325;333;1907;521;2576;104;406;10/01/11
10038;842;856;224;164;1028;282;1423;60;215;10/01/11
10039;815;916;241;155;1070;265;1342;106;283;10/01/11
10040;886;987;242;168;1071;392;1498;61;314;10/01/11
10041;779;801;183;116;937;344;1301;82;197;10/01/11
10042;766;872;194;147;998;299;1168;101;369;10/01/11
10043;840;851;199;217;1034;241;1120;148;423;10/01/11
10044;724;790;134;127;931;322;1275;98;141;10/01/11
10045;571;678;150;129;798;172;1099;72;78;10/01/11
10046;622;674;117;89;793;297;1092;84;120;10/01/11
10047;853;925;160;175;1097;346;1505;124;149;10/01/11
10048;773;878;219;137;985;310;1292;140;219;10/01/11
10049;658;692;154;115;837;244;1135;86;129;10/01/11
10050;770;892;195;186;966;315;1435;92;135;10/01/11
10051;754;824;259;120;964;235;1325;135;118;10/01/11
10052;1158;1158;463;203;1510;140;1922;230;164;10/01/11
10053;916;946;309;255;1160;138;1530;199;133;10/01/11
10054;476;534;184;106;602;118;853;102;55;10/01/11
10055;1263;1258;551;264;1491;215;2105;226;190;10/01/11
10056;879;894;215;144;1111;303;1263;165;345;10/01/11
10057;630;657;130;63;805;289;1035;92;160;10/01/11
10058;551;520;107;75;642;247;816;52;203;10/01/11
10059;728;780;181;88;911;328;1212;132;164;10/01/11
10060;821;801;240;132;1009;241;1187;113;322;10/01/11
10061;777;859;203;139;911;383;1432;102;102;10/01/11
10062;727;772;234;119;904;242;1334;74;91;10/01/11
10063;633;654;160;133;739;255;1141;45;101;10/01/11
10064;776;798;197;146;941;290;1265;123;186;10/01/11
10065;738;778;199;133;928;256;1363;73;80;10/01/11
10066;988;1041;359;127;1213;330;1744;99;186;10/01/11
10067;887;939;486;89;1093;158;1600;129;97;10/01/11
10068;762;772;337;88;948;161;1415;55;64;10/01/11
10069;919;977;324;98;1106;368;1604;88;204;10/01/11
10070;802;897;248;162;986;303;1378;86;235;10/01/11
10071;899;876;282;147;1126;220;1596;80;99;10/01/11
10072;987;1004;348;126;1183;334;1686;98;207;10/01/11
10073;705;778;155;123;851;354;1324;43;116;10/01/11
10074;831;890;265;150;963;343;1369;92;260;10/01/11
10075;762;758;226;141;873;280;1313;70;137;10/01/11
10076;2049;2266;406;249;2595;1065;3802;172;341;10/01/11
10077;835;886;412;103;1079;127;1483;123;115;10/01/11
10078;1012;1070;520;76;1351;135;1835;121;126;10/01/11
10079;847;923;317;127;1054;272;1613;65;92;10/01/11
10080;1125;1031;488;124;1419;125;1433;373;350;10/01/11
10081;934;950;234;166;1072;412;1466;48;370;10/01/11
10082;1077;942;329;222;1154;314;1103;46;870;10/01/11
10083;1294;933;384;241;1299;303;1170;23;1034;10/01/11
10084;762;835;222;161;892;322;1168;39;390;10/01/11
10085;1145;933;316;207;1117;438;1366;46;666;10/01/11
10086;927;967;271;169;986;469;1482;57;356;10/01/11
10087;914;938;263;183;921;485;1439;31;382;10/01/11
10088;781;813;205;203;957;229;1457;15;122;10/01/11
10089;1795;1095;258;369;1917;346;1314;173;1403;10/01/11
10090;659;734;154;146;751;342;1149;54;190;10/01/11
10091;963;1017;231;192;1099;458;1723;40;217;10/01/11
10092;761;849;110;210;1050;240;1517;23;70;10/01/11
10093;559;558;95;138;727;157;1044;13;60;10/01/11
10094;1188;1182;353;184;1628;205;1760;206;404;10/01/11
10095;515;528;124;94;587;238;856;44;143;10/01/11
10096;712;843;256;115;909;275;1315;92;148;10/01/11
10097;716;777;255;86;845;307;1314;74;105;10/01/11
10098;919;972;256;308;1140;187;1765;24;102;10/01/11
10099;496;553;138;112;604;195;997;4;48;10/01/11
10100;715;835;170;122;854;404;1340;67;143;10/01/11
10101;991;1068;275;186;1165;433;1653;73;333;10/01/11
10102;1278;1318;303;228;1535;530;2253;41;302;10/01/11
10103;1098;1176;239;213;1328;494;2091;36;147;10/01/11
10104;867;900;177;319;1097;174;1679;24;64;10/01/11
10105;1060;1172;348;219;1269;396;2063;32;137;10/01/11
10106;495;542;112;83;533;309;939;19;79;10/01/11
10107;724;781;200;158;944;203;1424;28;53;10/01/11
10108;685;760;146;92;837;370;1321;36;88;10/01/11
10109;692;825;156;85;745;531;1353;24;140;10/01/11
10110;743;871;190;101;797;526;1459;32;123;10/01/11
10111;632;705;136;107;779;315;1160;25;152;10/01/11
10112;780;823;162;143;1041;257;1467;34;102;10/01/11
10113;528;609;158;81;628;270;998;20;119;10/01/11
10114;629;764;194;87;752;360;1212;25;156;10/01/11
10115;713;764;156;105;785;431;1277;36;164;10/01/11
10116;922;1000;214;130;1048;530;1582;62;278;10/01/11
10117;619;723;149;104;731;358;1183;33;126;10/01/11
10118;468;518;107;69;473;337;933;17;36;10/01/11
10119;532;613;100;80;589;376;974;31;140;10/01/11
10120;638;805;156;109;698;480;1220;34;189;10/01/11
10121;715;850;189;123;847;406;1306;48;211;10/01/11
10122;769;828;180;178;908;331;1490;16;91;10/01/11
10123;684;735;209;99;850;261;1272;14;133;10/01/11
10124;537;578;109;151;699;156;1053;3;59;10/01/11
10125;566;581;138;81;661;267;1039;7;101;10/01/11
10126;554;566;125;148;644;203;1039;14;67;10/01/11
10127;479;513;181;64;590;157;931;14;47;10/01/11
10128;785;906;168;147;1045;331;1540;42;109;10/01/11
10129;615;650;147;176;800;142;1166;17;82;10/01/11
10130;572;625;124;79;617;377;1080;22;95;10/01/11
10131;551;670;109;176;692;244;1163;9;49;10/01/11
10132;586;631;125;86;612;394;1104;28;85;10/01/11
10133;842;923;201;123;900;541;1506;54;205;10/01/11
10134;731;817;159;76;697;616;1411;26;111;10/01/11
10135;579;650;138;90;700;301;1081;31;117;10/01/11
10136;684;731;158;100;730;427;1288;10;117;10/01/11
10137;797;850;183;170;967;327;1448;32;167;10/01/11
10138;750;806;210;154;841;351;1313;45;198;10/01/11
10139;783;838;169;151;872;429;1357;33;231;10/01/11
10140;734;856;213;139;778;460;1428;12;150;10/01/11
10141;533;584;128;76;545;368;1033;6;78;10/01/11
10142;749;858;198;167;797;445;1404;31;172;10/01/11
10143;825;905;209;173;840;508;1514;21;195;10/01/11
